Y,Z
809.000000,-180.391291
555.000000,-330.131607
891.000000,439.807200
736.000000,102.425644
507.000000,-1567.711654
552.000000,-970.761020
2009.000000,377.338396
746.000000,-278.472025
857.000000,-31.100239
479.000000,-1047.526190
735.000000,105.244636
396.000000,-1125.033732
882.000000,-91.544188
727.000000,-301.820157
914.000000,23.132534
956.000000,573.036716
1164.000000,633.550772
1165.000000,542.033460
1186.000000,603.209154
1022.000000,246.293144
1476.000000,843.451697
421.000000,-1251.278332
905.000000,-91.381521
419.000000,-1553.741822
624.000000,-191.982824
757.000000,-80.982824
640.000000,-563.605724
838.000000,-504.977510
825.000000,-204.855638
677.000000,98.742408
1496.000000,859.790059
1635.000000,909.406445
455.000000,-1674.008020
864.000000,373.172472
1037.000000,-187.291017
574.000000,-633.310557
733.000000,83.891190
1142.000000,333.921358
1807.000000,1000.454954
736.000000,-313.780218
1143.000000,342.229552
770.000000,115.470896
1030.000000,484.622935
706.000000,-362.736166
782.000000,123.395476
1035.000000,568.870793
830.000000,650.632705
474.000000,-1084.873122
679.000000,256.646590
398.000000,-1503.330098
1142.000000,316.845938
592.000000,-630.168288
695.000000,-277.865409
800.000000,141.177786
725.000000,-501.515220
968.000000,129.651904
612.000000,-387.361123
1904.000000,1019.270689
578.000000,-586.747993
712.000000,-240.012992
829.000000,-346.620808
1109.000000,599.523861
829.000000,-257.348096
664.000000,-191.868665
891.000000,101.301715
477.000000,-839.489508
1221.000000,408.178986
843.000000,-274.744737
1678.000000,633.982894
911.000000,303.571170
424.000000,-1423.904489
833.000000,219.857766
832.000000,-54.529104
1203.000000,756.599281
702.000000,-902.129550
883.000000,317.876106
1132.000000,436.278060
1108.000000,611.448441
503.000000,-554.322385
542.000000,-688.165031
1171.000000,504.683271
469.000000,-803.854781
1067.000000,545.535688
603.000000,-810.186629
787.000000,-64.247822
788.000000,-227.058244
683.000000,-964.794445
830.000000,-79.922488
885.000000,446.631506
741.000000,-315.493623
1102.000000,484.003292
862.000000,157.356737
1775.000000,1029.439870
806.000000,156.564656
719.000000,-357.475282
925.000000,165.782346
708.000000,70.737094
910.000000,57.591568
828.000000,198.395476
1293.000000,528.919301
922.000000,68.087282
842.000000,182.211211
1098.000000,431.701612
701.000000,-562.820157
851.000000,594.532431
468.000000,-790.667260
923.000000,226.809257
1030.000000,464.157388
872.000000,239.256463
742.000000,200.308228
1457.000000,545.725266
1102.000000,784.771718
624.000000,-357.101439
608.000000,-585.394548
687.000000,-353.989337
1096.000000,392.936442
1105.000000,531.828797
829.000000,-219.100239
517.000000,-1311.663145
567.000000,-932.896776
508.000000,-1021.189886
1070.000000,601.746864
908.000000,389.338396
801.000000,27.921358
904.000000,378.740350
873.000000,237.894447
1107.000000,399.356737
976.000000,32.132534
648.000000,-407.974253
471.000000,-1370.532703
1034.000000,481.051800
998.000000,-103.264106
871.000000,-80.837298
789.000000,516.517347
665.000000,-274.696228
721.000000,-61.580870
622.000000,-291.357867
692.000000,-409.361123
587.000000,-776.092868
864.000000,214.673501
701.000000,-481.890263
1453.000000,427.849195
669.000000,-138.919231
517.000000,-1146.561672
1028.000000,205.773775
840.000000,423.148818
861.000000,189.368564
983.000000,233.383648
1080.000000,803.049743
888.000000,-95.734966
869.000000,207.658417
628.000000,-521.114466
504.000000,-1154.202912
529.000000,-1295.955055
620.000000,-894.712512
695.000000,-422.714569
807.000000,218.443984
1057.000000,-7.016249
858.000000,-146.858895
964.000000,602.396675
798.000000,315.840625
725.000000,249.008606
473.000000,-1041.770790
748.000000,-350.017448
529.000000,-879.881692
780.000000,-16.190743
848.000000,35.682072
908.000000,334.710182
842.000000,226.320056
1262.000000,638.765205
1055.000000,-29.738223
989.000000,273.308228
832.000000,-136.949399
681.000000,-215.922488
678.000000,-128.411689
732.000000,-329.795302
1590.000000,931.666130
846.000000,179.390162
949.000000,164.541002
807.000000,561.780289
800.000000,-228.885806
992.000000,559.359994
791.000000,294.594824
677.000000,-318.624065
1247.000000,849.448441
753.000000,-182.378264
658.000000,-374.180115
674.000000,-662.330955
980.000000,510.559342
1439.000000,981.237265
1562.000000,787.478609
991.000000,384.616422
527.000000,-703.781418
834.000000,55.636820
417.000000,-1393.445456
742.000000,-798.573499
623.000000,-331.738223
641.000000,127.135791
725.000000,16.373878
973.000000,186.247892
1023.000000,679.475352
1264.000000,790.971067
642.000000,-334.955913
783.000000,258.066884
767.000000,0.392219
936.000000,485.517347
1274.000000,701.986151
988.000000,451.401989
630.000000,-622.285703
729.000000,159.745664
568.000000,-1089.227767
831.000000,53.564656
691.000000,-163.877236
479.000000,-993.522933
718.000000,-352.660746
1021.000000,270.525918
662.000000,-240.877236
1021.000000,568.061571
597.000000,-356.675830
890.000000,355.876106
640.000000,281.559342
909.000000,439.378335
709.000000,-42.964483
1534.000000,854.666130
1140.000000,613.106823
702.000000,-247.753307
917.000000,256.090539
801.000000,-408.403119
1415.000000,820.572369
1135.000000,537.329826
990.000000,441.725266
1094.000000,324.601338
580.000000,-799.280389
801.000000,-94.550702
783.000000,-41.333012
1263.000000,602.626192
746.000000,-442.346039
1158.000000,796.354680
762.000000,66.779089
736.000000,-218.054987
759.000000,-538.131607
1171.000000,764.711382
785.000000,-29.822214
680.000000,-470.714569
847.000000,138.410560
751.000000,-231.282447
811.000000,213.921358
648.000000,-668.404318
907.000000,303.613165
972.000000,350.308228
478.000000,-1246.638291
525.000000,-774.540074
645.000000,-121.483852
1171.000000,534.130477
1287.000000,625.874049
508.000000,-645.761020
1140.000000,542.378335
958.000000,16.588311
846.000000,154.504320
872.000000,472.272747
955.000000,566.088482
564.000000,-377.191943
645.000000,-280.411689
564.000000,-536.533561
850.000000,143.428900
1219.000000,320.782346
800.000000,-175.976310
968.000000,58.918102
751.000000,52.045287
687.000000,-141.016249
644.000000,-520.377407
899.000000,8.745664
733.000000,-56.894377
677.000000,-304.496879
1025.000000,195.958040
1103.000000,-0.746794
669.000000,-442.113266
1070.000000,367.139048
822.000000,109.147618
490.000000,-1022.610180
1316.000000,768.647789
754.000000,-136.148748
1166.000000,830.681214
618.000000,-608.545388
1056.000000,348.048544
1696.000000,1068.071341
727.000000,-315.545388
657.000000,-880.096125
703.000000,-118.895577
802.000000,-38.217654
1111.000000,793.076655
1117.000000,579.302915
746.000000,-401.116523
531.000000,-683.029275
941.000000,201.139048
1054.000000,464.465582
582.000000,-622.717825
435.000000,-1302.695370
1126.000000,914.037916
883.000000,43.298458
732.000000,-501.995851
1179.000000,463.408502
1156.000000,678.136991
479.000000,-832.685600
508.000000,-630.769591
668.000000,-167.862152
902.000000,-179.940829
1279.000000,474.919301
807.000000,51.008606
2327.000000,228.413816
568.000000,-872.863351
1296.000000,521.858965
501.000000,-1205.907746
899.000000,48.080769
485.000000,-1091.732052
843.000000,-245.466711
683.000000,-556.401061
609.000000,-618.811586
643.000000,-415.965683
807.000000,155.189614
549.000000,-895.836440
916.000000,267.036716
953.000000,424.767262
816.000000,-90.363180
1122.000000,376.085225
752.000000,-944.395748
852.000000,402.628249
674.000000,-67.088412
868.000000,111.603395
898.000000,451.441927
969.000000,4.470896
905.000000,533.009805
808.000000,-304.955913
980.000000,331.706926
525.000000,-401.925745
636.000000,-327.536817
739.000000,-590.910661
1136.000000,617.242579
777.000000,-479.029275
829.000000,-285.704798
586.000000,-1156.673773
780.000000,170.331883
777.000000,221.912788
946.000000,-1405.610180
623.000000,1.295202
843.000000,-47.260849
692.000000,-301.729653
922.000000,473.127220
1433.000000,880.403189
645.000000,-200.031333
749.000000,-62.753307
493.000000,-817.585326
462.000000,-767.328898
970.000000,132.703669
1798.000000,607.197327
629.000000,-644.180115
516.000000,-949.652176
824.000000,125.591568
555.000000,-1253.496022
976.000000,105.996778
565.000000,-842.186629
988.000000,48.462325
768.000000,-160.605724
1029.000000,371.063628
714.000000,236.455812
812.000000,198.018376
993.000000,198.534488
1102.000000,696.136991
1179.000000,916.974323
1436.000000,872.433357
1127.000000,691.874049
833.000000,188.996778
915.000000,314.033460
579.000000,-261.098182
873.000000,359.954783
461.000000,-1630.336611
794.000000,139.884677
1070.000000,778.403189
809.000000,264.921358
796.000000,-145.904147
483.000000,-1062.703941
702.000000,-56.882550
1142.000000,274.120707
790.000000,-394.106753
1133.000000,457.160645
808.000000,469.296401
870.000000,334.510834
486.000000,-1331.619950
557.000000,-285.862152
813.000000,-397.666060
509.000000,-860.335412
660.000000,-659.364380
494.000000,-1162.903290
694.000000,-219.490366
909.000000,122.274804
1010.000000,425.894447
776.000000,-30.408432
715.000000,-467.575556
1473.000000,799.110079
712.000000,-136.801816
1065.000000,540.066884
772.000000,-602.953855
1140.000000,607.638019
856.000000,318.664930
752.000000,-34.163832
675.000000,-69.671374
934.000000,-344.031333
1171.000000,768.260919
690.000000,-100.466711
654.000000,-1299.738565
823.000000,238.666988
871.000000,230.192870
1285.000000,708.339596
504.000000,-965.742680
1260.000000,506.701612
693.000000,-433.496879
690.000000,-589.488309
507.000000,-751.298730
1110.000000,609.698355
1024.000000,398.622935
783.000000,-153.944085
1192.000000,575.475352
699.000000,-376.669317
726.000000,-123.329756
1005.000000,206.485980
1017.000000,269.169216
454.000000,-1227.973396
698.000000,-135.182172
724.000000,-400.233938
871.000000,325.495750
1126.000000,487.541002
929.000000,-6.719882
1172.000000,371.045287
467.000000,-1077.719025
1050.000000,86.700412
927.000000,91.549572
936.000000,388.217724
764.000000,472.731780
1146.000000,623.242579
392.000000,-1423.514362
508.000000,-844.576756
1044.000000,393.522661
729.000000,-720.612237
899.000000,405.788859
956.000000,586.753377
865.000000,267.552829
1293.000000,395.428900
1413.000000,795.693041
702.000000,10.764005
758.000000,67.869593
767.000000,-372.989337
727.000000,-250.411689
435.000000,-1369.043502
813.000000,-143.194000
709.000000,-236.491565
1228.000000,538.783545
711.000000,-117.738223
776.000000,-475.781418
709.000000,-645.198456
641.000000,-789.787931
435.000000,-1398.056529
797.000000,-145.359924
720.000000,-392.460198
559.000000,-714.772847
697.000000,-343.357867
886.000000,-67.148748
1069.000000,462.716696
599.000000,-851.008878
689.000000,-231.744737
978.000000,472.302915
706.000000,-382.026019
698.000000,-438.925745
527.000000,-847.715768
830.000000,283.948270
760.000000,79.504320
470.000000,-926.915117
680.000000,-98.704798
987.000000,135.072198
1517.000000,806.632705
704.000000,-13.178916
599.000000,-281.218854
599.000000,-769.637092
714.000000,202.899761
1401.000000,896.451697
597.000000,-233.001165
809.000000,212.117450
758.000000,29.223038
746.000000,-210.982824
746.000000,-716.258792
545.000000,-760.102638
1213.000000,547.982894
618.000000,-191.862152
1070.000000,464.743607
839.000000,327.664930
674.000000,-342.986081
663.000000,-246.771648
1005.000000,-71.783475
925.000000,-72.831984
1015.000000,88.613165
966.000000,358.142304
681.000000,63.392219
858.000000,-195.952656
728.000000,-61.949399
821.000000,-48.257592
718.000000,-95.982824
745.000000,-11.432087
825.000000,182.819027
941.000000,492.761948
754.000000,-313.614295
761.000000,-358.143434
721.000000,75.011862
889.000000,-59.215597
895.000000,328.443984
1145.000000,315.087282
761.000000,296.026946
746.000000,-79.178916
1070.000000,475.507577
1187.000000,748.369764
578.000000,-517.714569
770.000000,-134.622865
810.000000,167.338396
774.000000,-253.955913
948.000000,284.882620
917.000000,52.842682
1021.000000,658.133734
780.000000,-91.635892
625.000000,-326.569043
705.000000,-366.216797
1205.000000,831.771718
596.000000,-442.391291
1065.000000,446.949469
609.000000,-863.993794
784.000000,62.080769
1013.000000,590.716696
525.000000,-1072.015391
705.000000,-100.562529
533.000000,-792.117722
1070.000000,-1134.598353
911.000000,479.710182
1705.000000,953.346109
1789.000000,220.767262
991.000000,211.000035
702.000000,105.812514
749.000000,-404.074527
689.000000,-98.571100
828.000000,191.211211
747.000000,-125.396605
1320.000000,346.026946
888.000000,346.078712
851.000000,-322.414946
559.000000,-590.868665
788.000000,-66.991394
743.000000,-262.182172
812.000000,-85.927802
836.000000,-253.994651
670.000000,-642.977510
932.000000,176.331883
726.000000,122.038774
646.000000,-913.141377
896.000000,-7.217654
761.000000,-39.371751
895.000000,432.788859
1214.000000,736.448441
600.000000,-588.059443
725.000000,-117.359924
961.000000,135.262976
1224.000000,770.677957
737.000000,-355.185429
1175.000000,722.445184
879.000000,323.169216
815.000000,-251.272676
966.000000,520.483922
743.000000,-92.535618
1923.000000,1039.841824
913.000000,30.174530
1229.000000,524.840625
1938.000000,804.726466
581.000000,-262.342783
598.000000,-887.399004
903.000000,406.120707
753.000000,-170.466711
610.000000,-430.602467
508.000000,-359.605724
1129.000000,731.234008
767.000000,228.909531
552.000000,-608.313814
573.000000,-730.437743
466.000000,-868.060643
755.000000,-423.675830
1490.000000,809.940899
855.000000,46.573227
852.000000,264.045287
812.000000,224.752178
919.000000,635.565856
898.000000,251.954783
1057.000000,572.502263
701.000000,-513.071271
781.000000,37.331883
1263.000000,469.668187
841.000000,278.112136
1225.000000,550.167159
704.000000,-432.200513
698.000000,60.249950
1267.000000,728.523861
922.000000,273.477409
1007.000000,82.150875
799.000000,139.432157
946.000000,323.224238
705.000000,17.769319
666.000000,51.120707
908.000000,371.093796
700.000000,13.328626
691.000000,-1323.013334
634.000000,-433.270619
1144.000000,372.232808
527.000000,-808.377407
1359.000000,1007.071341
586.000000,-508.285703
915.000000,303.015119
611.000000,-391.491565
975.000000,327.830854
982.000000,565.641276
879.000000,156.169216
1181.000000,415.547515
773.000000,92.775832
897.000000,-285.714569
1197.000000,578.197327
1015.000000,161.323312
931.000000,377.353480
751.000000,-120.768391
348.000000,-1969.947684
517.000000,-804.199656
978.000000,31.971924
494.000000,-1430.112408
712.000000,-702.250221
576.000000,-910.553101
843.000000,389.770518
697.000000,188.760748
890.000000,289.220981
685.000000,-257.321185
823.000000,56.948270
1088.000000,44.899761
516.000000,-1099.417345
510.000000,-774.694171
526.000000,-853.050873
621.000000,-511.473225
742.000000,-508.551901
623.000000,-643.050873
404.000000,-1637.661088
947.000000,2.189614
558.000000,-975.610180
687.000000,-93.750050
435.000000,-1507.107095
1103.000000,330.018376
748.000000,-151.372951
922.000000,456.810457
807.000000,62.884677
876.000000,413.574426
849.000000,128.465582
1085.000000,475.994721
917.000000,40.903018
788.000000,134.410560
588.000000,-292.913917
610.000000,-290.061501
947.000000,557.837368
474.000000,-1123.136063
825.000000,-272.118580
760.000000,-135.125093
1265.000000,585.813713
528.000000,-737.570242
482.000000,-856.437743
643.000000,-257.110009
897.000000,-88.873979
786.000000,184.958040
1029.000000,409.411759
730.000000,170.450498
806.000000,300.936442
542.000000,-456.476481
682.000000,-146.203770
1558.000000,935.004491
1299.000000,592.967810
1017.000000,558.043230
854.000000,308.281317
1472.000000,829.110079
823.000000,116.700412
1280.000000,549.499006
1030.000000,20.256463
976.000000,198.664930
481.000000,-1417.753649
820.000000,-149.203770
815.000000,-694.014191
899.000000,-503.198456
611.000000,-856.610180
518.000000,-906.794445
868.000000,415.683271
697.000000,144.223038
816.000000,114.353480
859.000000,-115.795302
631.000000,-540.935515
456.000000,-1666.086697
779.000000,-214.517277
984.000000,-243.940829
684.000000,-462.865409
1185.000000,718.079911
730.000000,29.564656
1285.000000,967.300857
749.000000,-84.483852
518.000000,-888.730852
810.000000,458.931128
575.000000,-761.008878
842.000000,113.192870
694.000000,-272.937572
1378.000000,973.361193
622.000000,-96.372951
1016.000000,471.326569
517.000000,-437.551901
507.000000,-710.839697
842.000000,192.516148
831.000000,215.181043
849.000000,-33.692971
587.000000,-1432.357009
791.000000,187.011862
1069.000000,490.296401
591.000000,-289.215597
739.000000,-408.445114
668.000000,-457.989337
854.000000,-235.016249
616.000000,-496.563729
1527.000000,825.816970
729.000000,-42.245765
416.000000,-1158.392491
1732.000000,72.839425
650.000000,-344.019505
749.000000,-24.498936
762.000000,-486.917174
795.000000,39.117450
1155.000000,332.628249
947.000000,516.599281
1722.000000,951.022832
707.000000,-68.689714
778.000000,37.204698
902.000000,-8.100239
631.000000,-202.207027
910.000000,85.715496
540.000000,-904.591840
1472.000000,787.031403
880.000000,317.393418
573.000000,-660.262049
918.000000,20.392219
1032.000000,210.954783
553.000000,-960.547787
856.000000,-153.653033
1254.000000,223.398732
715.000000,-150.967740
732.000000,9.482723
434.000000,-1008.526190
645.000000,-196.813643
882.000000,16.874907
1035.000000,273.942956
617.000000,-347.759821
859.000000,229.123964
1156.000000,164.219782
340.000000,-1935.681486
628.000000,-506.657489
1699.000000,345.815770
911.000000,508.302915
809.000000,-237.937572
755.000000,-383.989337
1094.000000,600.840625
923.000000,194.963354
1395.000000,363.872850
1232.000000,750.215667
1150.000000,507.571170
663.000000,-135.396605
699.000000,433.979637
805.000000,256.706926
865.000000,181.666988
937.000000,-121.885806
819.000000,149.522661
1003.000000,178.661674
1186.000000,290.691842
921.000000,545.828797
784.000000,-117.510764
830.000000,403.735037
904.000000,235.108880
519.000000,-817.292217
628.000000,-412.605724
953.000000,312.269490
971.000000,420.450498
903.000000,481.976380
823.000000,311.800686
1064.000000,451.426843
985.000000,236.087282
949.000000,399.958040
896.000000,22.845938
849.000000,-200.877236
600.000000,-524.052930
559.000000,-1105.936714
601.000000,-602.062700
1185.000000,390.081968
625.000000,-605.995851
822.000000,-111.103496
827.000000,147.591568
913.000000,440.713439
526.000000,-440.566985
494.000000,-1438.554301
648.000000,-135.569043
1701.000000,895.188756
931.000000,228.903018
701.000000,-661.458141
1490.000000,432.849195
775.000000,100.422387
664.000000,-757.176001
1035.000000,-76.408432
830.000000,175.410560
539.000000,-290.662803
933.000000,511.088482
794.000000,199.951526
899.000000,610.478609
520.000000,-841.803015
875.000000,408.386905
1425.000000,878.448441
543.000000,-1220.309700
964.000000,359.100309
798.000000,45.678815
1080.000000,592.236065
544.000000,-821.727596
624.000000,-1088.519676
1024.000000,549.453754
1237.000000,-94.852382
424.000000,-1491.735309
753.000000,-160.024819
553.000000,-535.352553
1822.000000,1016.702811
781.000000,194.718753
856.000000,-40.964483
588.000000,-433.010935
853.000000,448.112136
608.000000,-921.301987
567.000000,-1068.390434
1015.000000,177.202640
1139.000000,400.199384
499.000000,-926.509906
804.000000,140.594824
630.000000,-836.570242
819.000000,156.388962
1062.000000,657.629449
666.000000,-204.786732
549.000000,-764.985223
846.000000,116.008606
499.000000,-982.782618
772.000000,109.531232
842.000000,157.271547
505.000000,-547.766334
748.000000,177.552829
847.000000,120.519404
940.000000,212.160645
875.000000,254.534488
571.000000,-103.133664
985.000000,413.800686
1163.000000,284.559342
733.000000,-107.036646
902.000000,328.755434
422.000000,-1382.134006
764.000000,63.866336
940.000000,221.042030
974.000000,468.220981
858.000000,350.988208
888.000000,488.562599
878.000000,61.443984
883.000000,392.664930
918.000000,175.033460
437.000000,-736.957112
662.000000,-165.659547
701.000000,-905.035789
1411.000000,649.569113
459.000000,-1468.315014
609.000000,-997.072470
1125.000000,597.916044
793.000000,-423.542131
533.000000,-370.233938
544.000000,-693.856838
517.000000,-834.694171
620.000000,-533.491565
1460.000000,821.158588
1180.000000,473.453754
780.000000,-398.992594
788.000000,469.021632
443.000000,-1098.655432
946.000000,333.477409
702.000000,391.393418
400.000000,-1836.147033
747.000000,-156.188686
2095.000000,505.634762
908.000000,631.354680
833.000000,-93.686458
947.000000,-227.868665
747.000000,-181.066814
1729.000000,745.523861
719.000000,-425.125093
544.000000,-872.235138
1663.000000,961.759891
807.000000,78.057114
622.000000,-653.280389
904.000000,607.719953
769.000000,30.114194
622.000000,109.259720
798.000000,70.561400
610.000000,-250.339526
1071.000000,73.646590
1035.000000,589.538945
471.000000,-1064.700684
1055.000000,339.293144
526.000000,-1112.728795
666.000000,-233.079841
673.000000,-220.463455
1012.000000,262.026946
669.000000,-491.666060
1134.000000,804.113336
891.000000,151.249950
780.000000,-65.677887
1129.000000,423.051800
502.000000,-565.183372
714.000000,-1441.116865
1119.000000,696.835311
570.000000,-292.225367
515.000000,-604.945285
687.000000,-361.213540
1068.000000,518.438670
495.000000,-801.262049
468.000000,-895.151147
763.000000,-230.580870
884.000000,37.226295
1269.000000,762.569113
479.000000,-1278.829069
782.000000,13.238122
584.000000,-780.558415
729.000000,-91.073328
436.000000,-1416.341925
566.000000,-537.627321
729.000000,-444.955913
626.000000,-153.756564
559.000000,-725.829927
1449.000000,741.306171
710.000000,-1087.465854
621.000000,-107.430030
1287.000000,732.339596
595.000000,-399.466711
1106.000000,162.815770
588.000000,-976.286903
917.000000,298.782346
1164.000000,770.384848
620.000000,-644.533561
637.000000,-661.102638
621.000000,-485.361123
997.000000,288.658417
1153.000000,455.100309
775.000000,-457.361123
913.000000,-311.046417
1102.000000,683.855709
670.000000,-719.334212
664.000000,-223.970997
1033.000000,463.341653
1043.000000,462.942956
943.000000,-346.620808
967.000000,469.428900
537.000000,-828.355809
1080.000000,535.239322
682.000000,-666.156461
477.000000,-704.806272
791.000000,-631.582069
852.000000,189.181043
917.000000,294.628249
1818.000000,809.632705
768.000000,-401.692971
659.000000,-816.129550
476.000000,-654.675830
1144.000000,-542.149947
1006.000000,467.341653
810.000000,279.066884
875.000000,60.630306
725.000000,-247.580870
943.000000,609.505520
711.000000,-250.714569
900.000000,389.236065
859.000000,244.371821
1058.000000,649.569113
568.000000,-1593.696570
1133.000000,573.254406
793.000000,113.782346
543.000000,-1031.900033
533.000000,-808.431229
1144.000000,743.677957
933.000000,404.758691
1160.000000,358.009805
684.000000,-352.506649
449.000000,-1401.343125
1005.000000,314.582997
1646.000000,1031.056257
970.000000,87.718753
932.000000,487.761948
503.000000,-928.978710
805.000000,-195.034589
553.000000,-1324.743879
846.000000,-196.463455
621.000000,-420.910661
496.000000,-1199.486252
791.000000,-222.339526
862.000000,40.567913
452.000000,-949.211483
951.000000,556.039973
508.000000,-1346.680286
1111.000000,334.619678
1039.000000,547.937642
761.000000,-222.460198
808.000000,49.906274
573.000000,-792.389234
927.000000,431.148818
922.000000,471.299658
1474.000000,1047.917244
964.000000,148.561400
1045.000000,663.354680
850.000000,172.948270
999.000000,538.783545
695.000000,-339.689714
432.000000,-1168.966882
767.000000,-136.106753
1240.000000,446.356737
910.000000,490.423586
849.000000,264.966610
792.000000,-204.967740
1147.000000,430.420330
811.000000,-173.363180
804.000000,41.063628
1941.000000,991.853651
692.000000,-846.111209
673.000000,-107.291017
929.000000,511.644533
806.000000,70.035517
882.000000,511.220981
784.000000,61.482723
1113.000000,692.756634
578.000000,-577.930201
776.000000,-45.155261
1204.000000,780.925815
878.000000,179.879363
571.000000,-598.548645
1075.000000,450.495750
472.000000,-598.582069
776.000000,69.552829
1007.000000,385.281317
837.000000,-181.892320
526.000000,-722.002364
666.000000,-49.490366
735.000000,-276.430030
691.000000,-513.128350
793.000000,70.872850
667.000000,-454.666060
398.000000,-1562.375350
638.000000,-435.578813
645.000000,-341.714569
621.000000,-700.469968
721.000000,-138.734966
612.000000,-426.913917
600.000000,-652.101439
831.000000,166.060371
631.000000,-82.309358
715.000000,-71.167089
1047.000000,434.472095
1082.000000,502.758691
1094.000000,572.946212
1097.000000,730.922558
818.000000,117.894447
772.000000,204.432157
742.000000,-250.711312
404.000000,-1539.551044
475.000000,-1087.734109
1106.000000,500.169216
986.000000,161.842682
846.000000,447.589510
496.000000,-1117.194342
602.000000,-1171.259992
1137.000000,200.948270
609.000000,-1255.596296
803.000000,118.280118
592.000000,-427.669317
466.000000,-1634.855980
840.000000,162.755434
720.000000,-57.659547
935.000000,71.537745
838.000000,349.713439
628.000000,-754.337469
511.000000,-1018.658689
1343.000000,702.342853
829.000000,55.740350
833.000000,551.858965
684.000000,-451.986081
1091.000000,512.033460
1102.000000,243.927872
793.000000,188.026946
576.000000,-651.933458
542.000000,-735.573499
1291.000000,631.028146
625.000000,-893.159718
884.000000,321.755434
819.000000,194.658417
473.000000,-1012.365580
1106.000000,812.019575
802.000000,-52.333012
949.000000,279.899761
997.000000,446.209154
497.000000,-916.169488
588.000000,-331.282447
1027.000000,611.550772
647.000000,-328.478539
982.000000,-30.939629
555.000000,-417.500136
1494.000000,991.654303
890.000000,47.238122
763.000000,-83.517277
908.000000,477.262976
870.000000,479.088482
707.000000,-348.860095
932.000000,380.800686
1489.000000,672.892390
930.000000,315.946212
851.000000,128.648647
345.000000,-1461.825812
791.000000,217.358794
622.000000,-360.666060
631.000000,-738.615494
907.000000,-344.146691
657.000000,11.139048
482.000000,-1663.741822
799.000000,255.066884
737.000000,-72.212340
502.000000,-1570.276275
1325.000000,275.244636
769.000000,9.646590
682.000000,193.969867
1826.000000,972.485122
938.000000,439.139048
1812.000000,218.135791
924.000000,432.021632
920.000000,-75.306101
1307.000000,905.515290
1166.000000,737.922558
920.000000,189.110937
606.000000,-444.252279
1006.000000,302.405246
1126.000000,678.230751
898.000000,486.378335
832.000000,1.640076
865.000000,317.055057
618.000000,-647.570242
1176.000000,679.708125
1523.000000,961.252349
781.000000,-12.783475
671.000000,-891.942028
671.000000,-537.829927
952.000000,344.691842
1086.000000,452.194070
537.000000,-749.990537
1035.000000,498.997978
1613.000000,893.805143
1556.000000,1008.146761
790.000000,173.489236
1086.000000,238.655160
763.000000,-5.710112
991.000000,442.341653
696.000000,-277.692971
858.000000,369.991464
844.000000,175.395476
765.000000,-175.185429
455.000000,-1521.509049
419.000000,-1462.215939
804.000000,243.969867
742.000000,-341.291017
506.000000,-800.377407
935.000000,393.695098
679.000000,-429.037846
818.000000,-47.671374
884.000000,392.320056
1077.000000,639.103566
896.000000,469.565856
1309.000000,653.562599
457.000000,-1091.166231
760.000000,-193.152005
553.000000,-223.200513
846.000000,-262.765134
905.000000,384.788859
766.000000,-171.414946
1080.000000,246.834111
1813.000000,911.004491
1152.000000,730.629449
820.000000,14.990265
850.000000,-150.167089
702.000000,1.878163
856.000000,52.906274
758.000000,90.767262
383.000000,-1322.088754
538.000000,-1433.994993
942.000000,262.879363
1228.000000,155.377135
1019.000000,653.039973
772.000000,-183.233938
795.000000,69.380392
824.000000,308.356737
586.000000,-816.833183
838.000000,33.120707
890.000000,180.477409
1148.000000,424.810457
891.000000,107.703669
1773.000000,780.925815
616.000000,-600.394548
738.000000,-553.213540
722.000000,84.914845
777.000000,0.742408
660.000000,71.117450
736.000000,-50.021562
923.000000,247.084026
545.000000,-502.968939
641.000000,-36.831984
1222.000000,641.205897
637.000000,-365.424716
879.000000,-149.949399
973.000000,507.299658
593.000000,-714.144634
1038.000000,438.341653
436.000000,-1351.197599
1161.000000,758.768461
1049.000000,-1164.259992
737.000000,-330.218854
649.000000,-326.635892
988.000000,494.931128
697.000000,-121.321185
916.000000,19.077512
968.000000,403.435414
840.000000,-76.073328
617.000000,-158.580870
813.000000,256.175729
915.000000,9.739151
833.000000,-134.272676
1224.000000,578.006548
753.000000,167.244636
1079.000000,737.647789
872.000000,63.640076
719.000000,42.700412
906.000000,30.023690
1020.000000,181.278060
986.000000,589.517347
633.000000,-714.705998
806.000000,-39.562529
786.000000,-121.840554
1028.000000,-81.562529
1022.000000,499.728523
666.000000,-919.664003
898.000000,360.254406
715.000000,-123.677887
937.000000,595.638019
788.000000,-182.527047
1093.000000,560.547515
1109.000000,569.073398
1191.000000,355.075455
590.000000,-394.868665
832.000000,133.199384
1084.000000,609.194070
476.000000,-920.105895
1685.000000,730.738293
939.000000,212.541002
833.000000,221.921358
664.000000,-848.570242
866.000000,28.703669
818.000000,144.368564
728.000000,-132.831984
1149.000000,492.885876
776.000000,-54.840554
654.000000,-320.121837
1496.000000,773.276003
553.000000,-1279.547787
792.000000,-116.912718
919.000000,399.954783
1072.000000,-149.275933
1032.000000,346.169216
503.000000,-1201.862494
636.000000,-206.557215
872.000000,245.764005
1089.000000,258.432157
847.000000,222.217724
1079.000000,547.607851
900.000000,219.582997
645.000000,-566.781418
770.000000,138.075455
979.000000,146.417073
525.000000,-741.878435
887.000000,215.561400
794.000000,-330.934315
1018.000000,299.462325
1705.000000,108.748921
564.000000,-915.677030
960.000000,157.474152
724.000000,-273.550702
1212.000000,611.982894
1115.000000,391.060371
922.000000,461.009805
542.000000,-657.709255
1107.000000,403.683271
749.000000,-217.750050
543.000000,-653.721082
977.000000,418.353480
765.000000,118.485980
352.000000,-1754.107095
1176.000000,635.016319
527.000000,-778.002364
843.000000,259.969867
802.000000,-118.203770
824.000000,-125.145491
722.000000,-146.103496
782.000000,-146.862152
555.000000,-1111.375350
490.000000,-1074.571442
1206.000000,611.299658
635.000000,-1052.248164
877.000000,328.259720
996.000000,258.951526
483.000000,-1026.816042
1071.000000,718.016319
632.000000,-656.965683
570.000000,-686.660746
1043.000000,426.033460
1119.000000,454.338396
1295.000000,583.626192
957.000000,303.390162
797.000000,-130.716626
1009.000000,613.088482
441.000000,-951.105895
610.000000,-446.131607
747.000000,-433.004421
407.000000,-1441.403461
564.000000,-638.660746
608.000000,-389.868665
769.000000,135.392219
1128.000000,545.904217
626.000000,-715.434486
933.000000,-48.952656
987.000000,303.767262
619.000000,-333.357867
818.000000,51.815770
465.000000,-1464.204112
1051.000000,658.505520
428.000000,-975.827870
779.000000,-248.741480
766.000000,-358.197256
827.000000,184.963354
683.000000,-524.279190
2121.000000,898.575626
1440.000000,807.512033
870.000000,374.142304
374.000000,-2061.292559
582.000000,-647.551901
863.000000,28.576484
729.000000,-19.810386
1534.000000,861.820227
1178.000000,604.378335
832.000000,156.582997
718.000000,-49.843811
869.000000,339.586254
814.000000,-12.974253
739.000000,-287.366437
1071.000000,696.986151
794.000000,224.927872
555.000000,-164.761878
746.000000,-390.083098
1138.000000,597.622935
738.000000,48.806000
573.000000,-1147.869865
756.000000,296.777032
1184.000000,959.131677
715.000000,1.527975
885.000000,-274.650976
920.000000,100.963354
1022.000000,273.000035
1128.000000,-290.321185
550.000000,-360.237195
461.000000,-1345.454026
769.000000,344.767262
1068.000000,475.909531
798.000000,-301.617551
784.000000,-38.163832
582.000000,-714.984023
866.000000,223.435414
1376.000000,-61.209084
1437.000000,790.185499
598.000000,-515.258792
1105.000000,618.426843
826.000000,30.693899
1309.000000,431.924615
768.000000,-65.741480
684.000000,-656.047616
494.000000,-751.694171
1013.000000,477.112136
492.000000,-1114.301987
1228.000000,887.898903
565.000000,-522.902090
597.000000,-499.379464
664.000000,-28.780218
381.000000,-2029.979052
738.000000,-63.798559
878.000000,277.891190
866.000000,389.919301
834.000000,-35.601268
928.000000,137.023690
609.000000,-418.312615
675.000000,-270.677887
808.000000,-792.839697
1252.000000,538.333083
694.000000,-873.776104
1203.000000,536.547515
1159.000000,424.969867
765.000000,28.322113
1033.000000,532.900960
816.000000,187.057114
1177.000000,466.961296
798.000000,77.174530
686.000000,-133.617551
917.000000,71.135791
640.000000,-321.689714
1093.000000,495.885876
1416.000000,847.835311
1347.000000,744.937642
1482.000000,857.312685
613.000000,-735.262049
1070.000000,618.396675
707.000000,-482.747993
829.000000,182.594824
690.000000,72.884677
794.000000,-503.014191
747.000000,165.217724
571.000000,-654.089611
667.000000,-328.632635
720.000000,-531.763077
666.000000,-299.376207
787.000000,277.619678
570.000000,-512.044359
479.000000,-1320.539217
1249.000000,604.919301
698.000000,116.697156
737.000000,2.114194
916.000000,157.181043
1076.000000,697.644533
789.000000,472.547515
859.000000,-111.656290
989.000000,199.519404
1308.000000,748.430100
602.000000,-671.123036
676.000000,-110.997908
661.000000,-194.012992
838.000000,132.537745
996.000000,327.057114
640.000000,-390.128350
1935.000000,963.545458
657.000000,-140.520534
1284.000000,518.490436
1213.000000,716.182243
575.000000,-933.435686
325.000000,-2271.356152
971.000000,393.293144
877.000000,423.641276
632.000000,-63.970997
1481.000000,494.411759
997.000000,209.969867
995.000000,364.108880
902.000000,407.559342
1209.000000,488.716696
459.000000,-1284.429172
1031.000000,152.053858
793.000000,115.365308
931.000000,118.323312
812.000000,-343.614295
914.000000,-322.068014
828.000000,-289.793245
1064.000000,-309.339526
853.000000,7.181043
542.000000,-1810.651318
1219.000000,884.820227
948.000000,-28.803873
912.000000,186.537745
1061.000000,239.401989
935.000000,-368.228624
642.000000,-1016.834383
577.000000,-601.818099
597.000000,-534.578813
814.000000,58.470896
733.000000,-682.694171
823.000000,282.480666
991.000000,547.339596
743.000000,78.320056
961.000000,418.278060
726.000000,-132.348096
725.000000,-321.708055
690.000000,-151.527047
929.000000,504.251149
1246.000000,302.534488
572.000000,-617.984023
486.000000,-674.328898
631.000000,-276.970997
912.000000,686.889133
771.000000,-454.101439
863.000000,-110.217654
1163.000000,650.013062
1069.000000,390.139048
797.000000,96.899761
1320.000000,478.311485
905.000000,55.030203
876.000000,-154.312615
640.000000,-411.781418
723.000000,-70.420260
516.000000,-881.159718
617.000000,-350.711312
583.000000,-688.332155
988.000000,127.320056
717.000000,-680.658689
781.000000,-40.034589
771.000000,-0.336269
604.000000,-374.962426
620.000000,-621.149947
759.000000,66.482723
703.000000,-626.171545
1015.000000,299.390162
771.000000,83.008606
1010.000000,346.731780
601.000000,-454.237195
1191.000000,624.562599
969.000000,263.015119
1102.000000,656.046487
1466.000000,822.711382
787.000000,140.018376
680.000000,-190.309358
745.000000,-14.472025
820.000000,161.510834
777.000000,-87.855638
1348.000000,714.004491
882.000000,-93.257592
720.000000,-91.167089
728.000000,-378.898833
913.000000,318.649846
629.000000,-642.141377
1536.000000,950.913987
922.000000,372.800686
1015.000000,643.339596
455.000000,-1017.410832
1215.000000,772.155331
922.000000,126.613165
889.000000,-145.284504
582.000000,-692.292217
1382.000000,597.753377
765.000000,-508.530304
503.000000,-652.787931
710.000000,106.132534
611.000000,-362.327699
1900.000000,370.939699
925.000000,-144.224168
861.000000,368.033460
866.000000,-111.039903
463.000000,-1111.703941
989.000000,549.547515
569.000000,-604.784675
1421.000000,771.046487
435.000000,-1232.804215
794.000000,-825.968939
806.000000,-41.955913
783.000000,-147.880493
726.000000,-75.517277
479.000000,-1149.353752
632.000000,-557.793245
622.000000,-327.944085
884.000000,12.129278
1144.000000,722.493693
930.000000,23.861022
908.000000,127.162702
507.000000,-812.803015
455.000000,-1112.181315
852.000000,-369.454884
952.000000,768.862222
579.000000,-410.515220
1174.000000,-56.209084
643.000000,-609.471168
596.000000,-643.984023
928.000000,354.931128
983.000000,454.172472
764.000000,-1.264106
1013.000000,386.368564
620.000000,-582.766334
819.000000,206.492493
472.000000,-983.102638
830.000000,84.782346
1181.000000,714.354680
720.000000,-602.778161
720.000000,-57.544188
645.000000,-596.258792
729.000000,-75.178916
758.000000,-55.197256
1016.000000,210.634762
857.000000,-73.220911
656.000000,-667.057386
1001.000000,361.289888
999.000000,388.703669
604.000000,-236.191943
1054.000000,371.428900
721.000000,-176.922488
733.000000,-323.759821
568.000000,-1301.010077
1092.000000,629.302915
1106.000000,592.076655
944.000000,130.477409
802.000000,-17.909461
735.000000,-137.478539
1785.000000,1090.702811
593.000000,-911.317071
887.000000,-509.965683
595.000000,-730.772847
589.000000,-419.282447
745.000000,162.715496
822.000000,325.698355
903.000000,159.921358
955.000000,633.994721
1575.000000,871.297601
850.000000,-15.249022
551.000000,-734.473225
878.000000,341.879363
467.000000,-1178.160917
781.000000,-57.311415
734.000000,-830.761020
633.000000,-239.493623
495.000000,-1699.606066
915.000000,-22.465512
939.000000,-192.666060
571.000000,-542.138120
1120.000000,731.369764
707.000000,-407.530304
925.000000,425.078712
812.000000,-72.148748
900.000000,418.278060
1031.000000,449.541002
748.000000,-251.394548
1155.000000,589.961296
560.000000,-552.183372
725.000000,-513.010935
765.000000,579.475352
1045.000000,230.869593
1153.000000,518.840625
819.000000,540.009805
991.000000,501.547515
778.000000,316.011862
709.000000,-327.430030
707.000000,-588.694171
722.000000,65.817828
1096.000000,490.487179
864.000000,108.682072
660.000000,44.437471
720.000000,-208.237195
699.000000,-686.300787
762.000000,61.129278
838.000000,226.767262
747.000000,203.417073
553.000000,-547.044359
697.000000,86.289888
699.000000,-95.565786
443.000000,-962.494822
758.000000,-261.288960
1123.000000,505.897704
1037.000000,166.556086
1123.000000,645.215667
564.000000,-552.367637
658.000000,109.775832
567.000000,-929.343982
567.000000,-710.035789
578.000000,-504.116523
942.000000,318.916044
689.000000,-318.243708
462.000000,-1593.785017
976.000000,-194.260849
661.000000,-204.294274
944.000000,276.797430
653.000000,-292.675830
847.000000,-112.520534
876.000000,72.011862
1893.000000,881.312685
566.000000,-530.068014
807.000000,234.984951
1396.000000,413.420330
741.000000,-1016.320328
748.000000,-682.893519
826.000000,-384.481795
879.000000,-30.209084
686.000000,-744.035789
688.000000,-167.955913
702.000000,-265.848267
384.000000,-1046.812786
477.000000,-1073.184572
1013.000000,435.919301
533.000000,-689.385977
492.000000,-614.585326
476.000000,-1052.350496
808.000000,392.194070
925.000000,315.830854
620.000000,-1086.241651
712.000000,-639.454884
944.000000,279.854509
696.000000,-284.875179
784.000000,42.328626
1054.000000,439.658417
756.000000,82.546316
518.000000,-704.968939
696.000000,158.087282
728.000000,-391.627321
1058.000000,198.501064
722.000000,-159.590640
783.000000,-195.381521
478.000000,-1026.993794
964.000000,127.745664
756.000000,-225.260849
819.000000,-213.967740
537.000000,-1809.162117
605.000000,-312.850325
411.000000,-2427.676172
929.000000,412.133734
888.000000,-175.083098
1304.000000,669.426843
738.000000,-506.394548
712.000000,-331.110009
721.000000,16.630306
1141.000000,468.066884
1474.000000,846.267433
973.000000,304.779089
897.000000,250.819027
1162.000000,754.862222
1187.000000,950.823483
636.000000,76.670244
785.000000,-396.811586
716.000000,-368.083098
641.000000,-215.354610
527.000000,-954.082240
1396.000000,761.895647
696.000000,-362.327699
414.000000,-1405.085497
778.000000,-588.605724
1003.000000,223.492493
1339.000000,685.505520
799.000000,-222.148748
1050.000000,236.564656
1183.000000,792.357937
748.000000,98.362051
1568.000000,1000.361193
728.000000,-147.351353
1194.000000,828.019575
935.000000,258.680014
349.000000,-1829.641548
805.000000,-414.542131
713.000000,-236.188686
1030.000000,278.232808
1211.000000,552.529174
967.000000,298.529174
470.000000,-1161.568185
701.000000,-730.138120
646.000000,-190.224168
460.000000,-1406.720225
679.000000,-451.285703
1029.000000,224.737094
1015.000000,530.450498
459.000000,-1267.889405
565.000000,-894.196399
894.000000,283.380392
837.000000,-38.472025
1092.000000,567.946212
822.000000,-290.789989
556.000000,-1339.028418
997.000000,480.224238
936.000000,172.265034
487.000000,-894.062700
978.000000,595.006548
623.000000,50.165959
859.000000,527.837368
534.000000,-700.458141
852.000000,241.564656
936.000000,130.655160
1224.000000,276.706926
482.000000,-1284.569385
699.000000,149.794173
638.000000,-323.940829
832.000000,199.770518
1170.000000,683.750121
1156.000000,514.840625
952.000000,288.323312
776.000000,220.093796
940.000000,254.308228
1406.000000,366.613165
662.000000,-616.161775
872.000000,108.921358
641.000000,-780.425916
621.000000,-143.178916
705.000000,-158.635892
889.000000,200.896504
893.000000,227.120707
706.000000,-47.828727
551.000000,-346.789989
612.000000,-342.717825
836.000000,90.817828
1082.000000,-12.607781
531.000000,-645.096125
667.000000,-116.465512
856.000000,326.695098
906.000000,432.081968
968.000000,460.822284
496.000000,-644.700684
1349.000000,953.128420
733.000000,-753.126293
619.000000,-942.226567
842.000000,233.628249
1027.000000,316.239322
1246.000000,528.039973
1325.000000,784.738293
912.000000,398.958040
836.000000,368.991464
640.000000,-600.222111
1150.000000,495.525918
1163.000000,600.009805
658.000000,-103.351353
910.000000,-1.130407
1036.000000,276.567913
827.000000,153.057114
735.000000,13.362051
737.000000,-15.637949
1105.000000,463.909531
942.000000,147.591568
975.000000,468.713439
729.000000,-125.858895
882.000000,-81.073328
496.000000,-1027.650118
1451.000000,794.031403
579.000000,-446.620808
863.000000,140.132534
839.000000,61.884677
671.000000,-351.496879
830.000000,237.244636
1114.000000,576.825541
692.000000,-60.907404
864.000000,2.114194
613.000000,-203.073328
1097.000000,764.312685
960.000000,580.904217
1005.000000,578.260919
1059.000000,481.088482
478.000000,-1681.442199
553.000000,-629.271819
956.000000,219.142304
656.000000,-18.753307
1033.000000,461.743607
621.000000,-824.226567
1002.000000,284.495750
821.000000,453.202640
1462.000000,407.356737
1346.000000,750.527117
711.000000,-309.195199
655.000000,-485.431229
821.000000,-742.679087
846.000000,-262.629379
458.000000,-1174.538017
725.000000,54.655160
817.000000,58.787660
659.000000,-162.538875
587.000000,-384.282447
786.000000,-77.862152
1065.000000,395.142304
983.000000,721.738293
993.000000,548.118650
936.000000,379.710182
995.000000,197.830854
891.000000,174.658417
696.000000,-341.068014
876.000000,257.616422
1285.000000,883.376277
677.000000,-859.787931
858.000000,331.988208
476.000000,-1284.387177
543.000000,-369.980767
646.000000,63.748921
996.000000,464.698355
986.000000,446.897704
773.000000,-297.624065
998.000000,82.229552
740.000000,137.546316
907.000000,-11.329756
1158.000000,557.502263
1202.000000,812.478609
828.000000,243.722010
800.000000,-398.763077
1094.000000,280.368564
893.000000,-459.868665
1176.000000,834.605794
1204.000000,395.695098
852.000000,339.123964
871.000000,-16.167089
586.000000,-1076.196399
673.000000,-136.786732
857.000000,41.008606
848.000000,469.262976
562.000000,-771.132806
1173.000000,564.523861
429.000000,-1263.688857
731.000000,-144.907404
778.000000,-244.614295
529.000000,-910.655432
458.000000,-1430.738565
652.000000,-950.667260
508.000000,-1241.266505
823.000000,45.929929
815.000000,-203.043160
728.000000,-284.094925
742.000000,116.432157
879.000000,398.329826
618.000000,-328.871922
642.000000,-179.110009
675.000000,-46.895577
803.000000,-452.841754
783.000000,-195.091669
892.000000,190.455812
860.000000,609.336339
740.000000,97.987008
977.000000,142.921358
471.000000,-722.340725
846.000000,291.048544
807.000000,247.132534
644.000000,-410.648919
722.000000,243.072198
1061.000000,687.523861
1246.000000,743.662873
517.000000,-773.938771
325.000000,-2219.431571
1119.000000,751.478609
414.000000,-1245.003564
626.000000,-617.243708
849.000000,-352.550702
649.000000,-656.243708
671.000000,-0.559272
479.000000,-1338.681486
660.000000,-1826.984365
705.000000,-410.868665
826.000000,155.060371
581.000000,-694.340725
691.000000,-339.569043
721.000000,-171.282447
418.000000,-1149.462597
474.000000,-632.585326
669.000000,-23.031333
897.000000,15.854509
853.000000,-26.653033
781.000000,-166.858895
978.000000,386.018376
1129.000000,781.862222
783.000000,36.440728
1165.000000,556.051800
974.000000,67.011862
820.000000,211.552829
641.000000,-197.463455
1012.000000,-346.249022
771.000000,-57.822214
678.000000,-1005.861294
877.000000,528.547515
771.000000,188.244636
875.000000,324.254406
1327.000000,846.207097
805.000000,196.380392
939.000000,436.487179
1421.000000,923.327769
674.000000,-194.210283
689.000000,-175.381521
679.000000,-432.494822
1536.000000,913.898903
912.000000,289.725266
1074.000000,628.719953
1232.000000,772.816970
846.000000,-72.611038
985.000000,-204.176859
923.000000,105.594824
389.000000,-1448.000307
809.000000,-306.937572
797.000000,30.373878
749.000000,102.512891
949.000000,-37.063558
505.000000,-1281.373293
779.000000,-126.088412
632.000000,-292.004421
684.000000,35.169216
624.000000,-419.481795
1050.000000,572.411759
1088.000000,518.097052
434.000000,-902.087554
465.000000,-1202.653375
764.000000,-295.692971
